[{
  "_id": {
    "$oid": "6773f28a0f5832bdbc95ebbd"
  },
  "categoryName": "Fitness Equipment",
  "description": "Equipment designed to help you achieve your fitness goals, including treadmills, dumbbells, and yoga mats.",
  "imageUrl": "6773f28a0f5832bdbc95ebbd.jpg"
},
{
  "_id": {
    "$oid": "6773f28a0f5832bdbc95ebbe"
  },
  "categoryName": "Nutrition and Supplements",
  "description": "Products to support your nutritional needs, including protein powders, vitamins, and energy bars.",
  "imageUrl": "6773f28a0f5832bdbc95ebbe.webp"
},
{
  "_id": {
    "$oid": "6773f28a0f5832bdbc95ebbf"
  },
  "categoryName": "Personal Care",
  "description": "Products to help you maintain personal hygiene and well-being, such as skincare items and hair care products.",
  "imageUrl": "6773f28a0f5832bdbc95ebbf.jpg"
},
{
  "_id": {
    "$oid": "6773f28a0f5832bdbc95ebc0"
  },
  "categoryName": "Mental Wellness",
  "description": "Tools and resources to support mental health, including meditation apps, stress-relief items, and self-help books.",
  "imageUrl": "6773f28a0f5832bdbc95ebc0.jpg"
},
{
  "_id": {
    "$oid": "6773f28a0f5832bdbc95ebc1"
  },
  "categoryName": "Home Gym Essentials",
  "description": "Essential items for setting up a home gym, such as resistance bands, kettlebells, and stability balls.",
  "imageUrl": "6773f28a0f5832bdbc95ebc1.webp"
}]